Year_Index,Forecast_Sales
0,149886.88639999996
1,145795.2059333333
2,141703.52546666662
3,137611.84499999994
4,133520.16453333327
5,129428.48406666661
6,125336.80359999996
7,121245.12313333328
8,117153.44266666661
9,113061.76219999994
10,108970.08173333327
11,104878.40126666661
12,100786.72079999994
